page,button,rpt,status
accounts/chart_of_accounts.html,114-Print,114-AcRptChartOfAccounts.rpt,already wired
accounts/opening_balance.html,129-Print,129-OpeningBalanceRpt.rpt,already wired
accounts/banking/bank_reconciliation_vouchers.html,920-Print,920_BankReconciliation_Slip.rpt,already wired
accounts/reports/activity_summary.html,110-Print,110-AcRptActivitySummery.rpt,already wired
accounts/reports/activity_summary.html,110APrint,110A-AcRptActivitySummery.rpt,already wired
accounts/reports/activity_summary.html,110BPrint,110B-AcRptActivitySummery.rpt,already wired
accounts/reports/activity_summary_desktop.html,110-Print,110-AcRptActivitySummery.rpt,already wired
accounts/reports/activity_summary_desktop.html,110APrint,110A-AcRptActivitySummery.rpt,already wired
accounts/reports/activity_summary_desktop.html,110BPrint,110B-AcRptActivitySummery.rpt,already wired
accounts/reports/balance_sheet.html,153-Print,153-BalanceSheetStatementRpt.rpt,already wired
accounts/reports/bank_balances.html,593_Print Summary,593-CashBankBalancesSummery_Rpt.rpt,already wired
accounts/reports/bank_balances.html,593_01_Print Summary,593_01_CashBankBalancesSummeryReport.rpt,wired
accounts/reports/bank_balances.html,590_Print Receipt and Payment,590-BankBalances.rpt,already wired
accounts/reports/bank_balances.html,590_01_Print,590_01_BankBalancesWithSummary.rpt,already wired
accounts/reports/bank_balances_desktop.html,593_Print Summary,593-CashBankBalancesSummery_Rpt.rpt,already wired
accounts/reports/bank_balances_desktop.html,593_01_Print Summary,590-BankBalances.rpt,already wired
accounts/reports/bank_balances_desktop.html,590_Print Receipt and Payment,590_01_BankBalancesWithSummary.rpt,already wired
accounts/reports/bank_balances_desktop.html,590_01_Print,590_01_BankBalancesWithSummary.rpt,already wired
accounts/reports/bills_payables_report.html,141-Print,141-AccountPayablesWithLastBillAmountAndDate.rpt,already wired
accounts/reports/cash_balances.html,592_Print Receipt and Payment,592-CashBalances.rpt,already wired
accounts/reports/cash_balances.html,593_Print Summary,593-CashBankBalancesSummery_Rpt.rpt,already wired
accounts/reports/cash_balances_desktop.html,592_Print Receipt and Payment,592-CashBalances.rpt,already wired
accounts/reports/cash_balances_desktop.html,593_Print Summary,593-CashBankBalancesSummery_Rpt.rpt,already wired
accounts/reports/chart_of_accounts_desktop.html,114-Print,114-AcRptChartOfAccounts.rpt,already wired
accounts/reports/commission_agent_report.html,157-Print,157-CommissionAndBrokary.rpt,wired
accounts/reports/contractor_wages_history.html,001-Print,001-ContractorWagesRegister.rpt,already wired
accounts/reports/customer_ledger.html,130-Print,130-RptAcSupplierCustomerQuantativeGL.rpt,already wired
accounts/reports/general_ledger.html,Print-105,105-AcRptGeneralLedger.rpt,already wired
accounts/reports/general_ledger.html,Print-106,106-AcRptGeneralLedgerB.rpt,already wired
accounts/reports/general_ledger.html,Print-107,107-AcRptQuantativeLedger.rpt,already wired
accounts/reports/general_ledger.html,Print-108,108-AcRptGeneralLedgerSummery.rpt,already wired
accounts/reports/general_ledger.html,Print-105A,105A-GeneralLedgerSummary2.rpt,already wired
accounts/reports/general_ledger_desktop.html,Print-105,,left: already prints the Jasper PDF
accounts/reports/general_ledger_desktop.html,Print-106,,left: already prints the Jasper PDF
accounts/reports/general_ledger_desktop.html,Print-107,,left: already prints the Jasper PDF
accounts/reports/general_ledger_desktop.html,Print-108,108-AcRptGeneralLedgerSummery.rpt,already wired
accounts/reports/general_ledger_desktop.html,Print-105A,105A-GeneralLedgerSummary2.rpt,already wired
accounts/reports/general_ledger_statement.html,109-Print,109-AcRptGeneralLedgerStatement.rpt,already wired
accounts/reports/inventory_payables_receivables.html,134-Print,134-InventoryPayablesandReceivables.rpt,already wired
accounts/reports/inventory_payables_receivables.html,134A-Print,134A-InventoryPayablesandReceivables.rpt,already wired
accounts/reports/payables-payment-schedule-new.html,121_01 Print,121_01-ReceivablesByDueDates.rpt,already wired
accounts/reports/payables-payment-schedule.html,121_01 Print,121_01-ReceivablesByDueDates.rpt,already wired
accounts/reports/payables-report-new.html,122-Print,122-AcRptAccounts_ReceivablesWithStatus.rpt,already wired
accounts/reports/payables-report.html,122-Print,122-AcRptAccounts_ReceivablesWithStatus.rpt,already wired
accounts/reports/payables_aging.html,124-Print,124_Payables_New.rpt,already wired
accounts/reports/payables_aging_document_wise.html,Print-127,127-SupplierAgingReport_DocumentWise.rpt,already wired
accounts/reports/payables_aging_new.html,124-Print,124_Payables_New.rpt,already wired
accounts/reports/payables_forecast.html,840-Print,,not wired: no runnable report 840
accounts/reports/payables_invoice_wise.html,Print-128,,not wired: no runnable report 128
accounts/reports/payables_invoice_wise.html,Print-128-01,,not wired: no runnable report 128-01
accounts/reports/payables_new.html,124-Print,124_Payables_New.rpt,already wired
accounts/reports/payables_payment_schedule.html,121_01 Print,121_01-ReceivablesByDueDates.rpt,already wired
accounts/reports/payables_report.html,122-Print,122-AcRptAccounts_ReceivablesWithStatus.rpt,already wired
accounts/reports/profit_and_loss.html,143-Print &#9662;,,not wired: no runnable report 143
accounts/reports/receivables_aging.html,123-Print,123_Receivables_New.rpt,already wired
accounts/reports/receivables_aging_new.html,Print-126,126-CustomerAgingReport_DocumentWise.rpt,already wired
accounts/reports/receivables_new.html,123-Print,123_Receivables_New.rpt,already wired
accounts/reports/selected_trial_balance.html,113A-Print,113A-AcRptTrialBalanceSelectedGroupAc.rpt,already wired
accounts/reports/selected_trial_balance_desktop.html,113A-Print,113A-AcRptTrialBalanceSelectedGroupAc.rpt,already wired
accounts/reports/subsidiary_payables_report.html,375-Print,375-GetSubsidiaryAccountFromVouchers.rpt,wired
accounts/reports/trade_accounts.html,122-Print,122-AcRptAccounts_ReceivablesWithStatus.rpt,already wired
accounts/reports/trial_balance.html,111APrint,111A-AcRptTrialBalances.rpt,already wired
accounts/reports/trial_balances_all_level.html,135-Print,,not wired: no runnable report 135
accounts/reports/voucher_report.html,118-Print,118-AcRptVoucherSlip.rpt,already wired
accounts/reports/voucher_report.html,118A-Print,118A-VoucherReport.rpt,already wired
accounts/reports/voucher_report.html,102-Print,102-BankPaymentVoucher.rpt,already wired
accounts/vouchers/adjustment_voucher.html,901-Print,901_VoucherInvoicesAdjustment_Slip.rpt,already wired
accounts/vouchers/bank_payment_voucher.html,102-Print,102-BankPaymentVoucher.rpt,already wired
accounts/vouchers/bank_receipt_voucher.html,102-Print,102-BankPaymentVoucher.rpt,already wired
accounts/vouchers/bills_voucher_desktop.html,102-Print,102-BankPaymentVoucher.rpt,already wired
accounts/vouchers/bills_voucher_desktop.html,102_01-Print,102_01_BillsPayablesOrReceiveableVoucher.rpt,already wired
accounts/vouchers/bills_voucher_desktop.html,102_01-Print,102_01_BillsPayablesOrReceiveableVoucher.rpt,already wired
accounts/vouchers/cash_payment_voucher.html,102-Print,102-BankPaymentVoucher.rpt,already wired
accounts/vouchers/cash_receipt_voucher.html,102-Print,102-BankPaymentVoucher.rpt,already wired
accounts/vouchers/contractor_wages.html,102-Print,102-BankPaymentVoucher.rpt,already wired
accounts/vouchers/contractor_wages_schedule.html,06_Print,,not wired: no runnable report 06
accounts/vouchers/contractor_wages_schedule.html,06_Print,,not wired: no runnable report 06
accounts/vouchers/contra_voucher.html,102-Print,102-BankPaymentVoucher.rpt,already wired
accounts/vouchers/contra_voucher_desktop.html,102-Print,102-BankPaymentVoucher.rpt,already wired
accounts/vouchers/contra_voucher_tax.html,102-Print,102-BankPaymentVoucher.rpt,already wired
accounts/vouchers/day_book_offset.html,144-Print,144-DayBookSlip.rpt,already wired
accounts/vouchers/day_book_voucher.html,144-Print,144-DayBookSlip.rpt,already wired
accounts/vouchers/expense_voucher.html,102-Print,102-BankPaymentVoucher.rpt,already wired
accounts/vouchers/expense_voucher_desktop.html,102-Print,102-BankPaymentVoucher.rpt,already wired
accounts/vouchers/expense_voucher_desktop.html,102-Print II,102-BankPaymentVoucher.rpt,already wired
accounts/vouchers/invoices_adjustment_voucher.html,901-Print,901_VoucherInvoicesAdjustment_Slip.rpt,already wired
accounts/vouchers/journal_voucher.html,102-Print,102-BankPaymentVoucher.rpt,already wired
accounts/vouchers/journal_voucher_entry.html,102-Print,102-BankPaymentVoucher.rpt,already wired
accounts/vouchers/labour_wages.html,Print-002,002-ContractorWagesSlip.rpt,already wired
accounts/vouchers/labour_wages_manual.html,Print-004,004-ContractorWagesBillManualSlip.rpt,already wired
accounts/vouchers/party_payment_voucher.html,Summary_Print-102B,102B-SpVouchers_PartyPaymentAndReceiptSummary.rpt,already wired
accounts/vouchers/party_payment_voucher.html,102-Print,102-BankPaymentVoucher.rpt,already wired
accounts/vouchers/party_receipt_voucher.html,102-Print,102-BankPaymentVoucher.rpt,already wired
accounts/vouchers/party_voucher_desktop.html,Summary_Print-102B,102B-SpVouchers_PartyPaymentAndReceiptSummary.rpt,already wired
accounts/vouchers/party_voucher_desktop.html,102-Print,102-BankPaymentVoucher.rpt,already wired
accounts/vouchers/voucher_validation.html,115-Print,115-AcRptVoucherValidation.rpt,already wired
accounts/vouchers/voucher_validation.html,119-Print,119-AcRptVoucherValidation2.rpt,already wired
cmagt/buyer_inquiry_booking.html,1050-Print,1050_BuyerInquiryBookingSlip.rpt,already wired
cmagt/goods_dispatching_note_cmagt.html,1055-Print,1055_GdnBuyerDispatchSlip.rpt,already wired
cmagt/grn_loading_challan_cmagt.html,1054-Print,1054_GrnSupplierLoadingSlip.rpt,already wired
cmagt/grn_loading_challan_cmagt.html,1054_01-Print,1054_01_GrnSupplierLoadingChallanSlip.rpt,already wired
cmagt/purchase_order_cmagt.html,1052-Print,1052_PurchaseOrderSlip.rpt,already wired
cmagt/sale_order_cmagt.html,1053-Print,1053_saleOrderSlip.rpt,already wired
cmagt/sub_buyer_inquiry_booking.html,1050A-Print,1050A_BuyerInquiryBookingSlip.rpt,already wired
cmagt/supplier_offer_cmagt.html,1051-Print,1051_SupplierOfferSlip.rpt,already wired
dashboard/payables_payment_schedule.html,121_01 Print,121_01-ReceivablesByDueDates.rpt,already wired
dashboard/receivables_receipt_schedule.html,121_02 Print,121_02_ReceivablesAndReceiptSchedule.rpt,already wired
dashboard/stock_breakup_in_and_out_summary.html,Print-842,842_ItemAndPMItemMapSlip.rpt,already wired
export/invoice_packing_list.html,Print-529A,529A_ExportInvoiceSlipPackingList.rpt,already wired
export/invoice_packing_list.html,Print-529B,529B_ExportInvoiceSlipPackingList.rpt,wired
export/invoice_packing_list.html,Print-529C,529C_ExportInvoiceSlipPackingList.rpt,wired
hrm/attendance/daily-attendance.html,1003-Print,1003-DailyAttendance.rpt,already wired
hrm/employee/employee_registration.html,1112-Print Slip,1112-Employee_Registration_Slip.rpt,already wired
hrm/loan/employee-advance.html,1008-Print,1008-EmployeeAdvanceSlip.rpt,already wired
hrm/loan/employee-loan.html,102-Print,102-BankPaymentVoucher.rpt,already wired
hrm/overtime/over-time-request.html,1010-Print,1010-OverTime_Slip.rpt,already wired
hrm/reports/daily-attendance.html,1003-Print,1003-DailyAttendance.rpt,already wired
hrm/reports/daily-attendance.html,1003_01-Print,,not wired: no runnable report 1003_01
hrm/reports/daily-late-and-early-departure.html,1113-Print,1113-DailyLateandEarlyDeparture.rpt,already wired
hrm/reports/duty-roster-employee-wise.html,1114-Print,1114-DutyRosterEmployeeWise.rpt,already wired
hrm/reports/employee-attendence.html,1004-Print,1004-EmployeeAttendance.rpt,already wired
hrm/reports/employee-attendence.html,1005-Print Summary,1005-MonthlyAttendanceRegister_New.rpt,already wired
hrm/reports/employee-monthly-register.html,1001-Print,1001-EmployeeAttendenceMonthly.rpt,already wired
hrm/reports/employee-monthly-register.html,1002-Print,1002-AttendanceRegister.rpt,already wired
hrm/reports/employee-monthly-register.html,1004-Print,1004-EmployeeAttendance.rpt,already wired
hrm/reports/employee-register.html,1101-Print,1101-EmployeeListDepartmentWiseActiveInactive.rpt,already wired
hrm/reports/employee-register.html,1101_01-Print,1101_01-EmployeeListDepartmentWiseActiveInactive.rpt,wired
packing_material/grn_pm.html,214-Print,214-GRNPackingMaterialSlip.rpt,already wired
packing_material/grn_pm.html,214_01-Print,214_01_GrnPackingMaterialSlip.rpt,wired
packing_material/purchase_invoice_pm.html,231-Print,231-InvRptPurchaseBillPackingMaterialSlip.rpt,already wired
packing_material/purchase_invoice_pm.html,231_01-Print,231_01_PurchaseBillPmSlipWithGrnDetail.rpt,already wired
packing_material/sale_invoice_direct_pm.html,294-Print,294-InvRptSaleBillDirectWithoutSO.rpt,already wired
packing_material/stock_adjustment_pm.html,215-Print,215-ExportReturnGrnSlip.rpt,already wired
packing_material/reports/grn_register.html,341-Print,341-GrnPackingMaterialRegister.rpt,already wired
packing_material/reports/inventory_transaction_report.html,402-Print,402-InvStockRptInventoryTransactionsA.rpt,already wired
packing_material/reports/purchase_order_register.html,357-Print,357-PurchaseOrderRegister_PM.rpt,already wired
packing_material/reports/purchase_order_register.html,357_01-Print,357_01-PurchaseOrderRegister_PM.rpt,already wired
production/daily_plant_consumed_hours.html,Print-666,666-DailyPlantConsumedHours_FormHistoryReport.rpt,already wired
production/output_allocation_export_invoice.html,Print-627,627-ProductionOutputAllocationWithExportInvoice.rpt,wired
production/p280_input.html,601-Print,601-InvFoodProductionSlip.rpt,already wired
production/p280_output.html,601-Print,601-InvFoodProductionSlip.rpt,already wired
production/p280_overhead.html,Print-606,606-InvFoodProductionPackingAndOverHeadReportByJobOrder.rpt,already wired
production/p280_packing_material.html,Print-606,606-InvFoodProductionPackingAndOverHeadReportByJobOrder.rpt,already wired
production/p280_settlement.html,602A_Print,602A-InvRptProductionSummeryWithValues.rpt,already wired
production/p280_settlement.html,613_Print,613-InvRptProductionSummeryWithExpValues.rpt,already wired
production/p280_settlement.html,615_Print,615-InvRptProductionSummery.rpt,already wired
production/production_against_job_order.html,623-Print,623-InvFoodProduction_ConsumptionReport.rpt,already wired
production/production_job_order_main.html,620-Print,620-ProductionJobOrderSlip.rpt,already wired
production/stock_conversion.html,605-Print,605-StockConversionSummaryNewRpt.rpt,already wired
production/wages_bill.html,Print-002,002-ContractorWagesSlip.rpt,already wired
production/reports/packing_material_consumption.html,812-Print,812-ProductionKamPackMaterialConsumption.rpt,already wired
production/reports/production_comparison.html,604-Print-Register,604-FoodProductionComparisonRpt.rpt,already wired
production/reports/production_summary.html,625-Print For Detail Grid Data,625_FoodProduction_DocWiseSummeryReport.rpt,already wired
purchase/goods_receipt_notes.html,211-Print,211-InvRptGoodsReceiptsNotesRiceSlip.rpt,already wired
purchase/inward_gate_pass.html,251-Print,251-InvRptInwardGatePassSlip.rpt,already wired
purchase/purchase_order.html,203-Print,203-InvRptPurchaseOrderRiceSlip.rpt,already wired
purchase/purchase_order.html,203A_Print,203A_PurchaseOrderSlip.rpt,already wired
purchase/purchase_order.html,203_01-Print,203_01_PurchaseOrderRiceSlip.rpt,already wired
purchase/purchase_order.html,203_02-Print,203_02_PurchaseOrderRiceSlip.rpt,already wired
sale/gdn.html,260-Print,260-InvRptGdnRiceSlip.rpt,already wired
sale/gdn_purchase_return.html,703-Print,703_Gdn_PurchaseReturnSlip.rpt,already wired
sale/gdn_purchase_return.html,703A-Print,703A_Gdn_PurchaseReturnSlip.rpt,already wired
sale/sale_order.html,273-Print,273-InvRptSaleOrderSlip.rpt,already wired
sale/sale_order.html,273_01-Print,273_01_SaleOrderSlip.rpt,already wired
stocks/item_ledger.html,421-Print,,not wired: no runnable report 421
stocks/opening_stock.html,416-Print,416-InvStockOpeningBalanceHeader_Register.rpt,already wired
stocks/stock_opening_form.html,416-Print,416-InvStockOpeningBalanceHeader_Register.rpt,already wired
store/delivery_challan_prebill.html,148-Print,148_DeliveryChallanSlip.rpt,already wired
store/delivery_order_transfer.html,262-Print,262-DeliveryOrderSlip.rpt,not wired: file is read-only (Permission denied)
store/department_request.html,451-Print,451-RptDepartmentRequestSlip.rpt,already wired
store/department_request_to_consumable.html,1615-Print,1615-DepartmentRequestToConsumableStoreSlip.rpt,already wired
store/grn_store.html,212-Print,212-InvRptGoodsReceiptsNotesStoreSlip.rpt,already wired
store/grn_store.html,336-Print,336-GrnStoreRegister.rpt,already wired
store/opening_stock_store.html,416-Print,416-InvStockOpeningBalanceHeader_Register.rpt,already wired
store/party_to_party_pm_transfer.html,219-Print,,not wired: no runnable report 219
store/purchase_demand.html,454-Print,454-InvPurchaseDemanSlip.rpt,already wired
store/purchase_invoice_return_store.html,145A-Print,145A-PurchaseInvoiceReturn_StorePartySlip.rpt,already wired
store/purchase_invoice_return_store.html,145-Print,145-PurchaseInvoiceReturn_StoreItemSlip.rpt,already wired
store/purchase_pre_bill.html,147-Print,147_PurchasePreBillSlip.rpt,already wired
store/stock_adjustment.html,409-Print,409-InvStockAdjustmentSlip.rpt,already wired
store/stock_transfer.html,406-Print,406-InvStockTransferSlip.rpt,already wired
store/stock_transfer_manual.html,407-Print,407-InvStockTransferSlip.rpt,already wired
store/store_issuance.html,452-Print,452-RptInvGsStoreIssuanceHeader_Slip.rpt,already wired
store/store_issuance_direct.html,452-Print,452-RptInvGsStoreIssuanceHeader_Slip.rpt,already wired
store/store_issuance_to_consumable.html,1616-Print,1616-StoreIssuanceToConsumableStore_Slip.rpt,already wired
store/store_return.html,457-Print,457-StoreIssuanceReturnSlip.rpt,already wired
store/reports/store_purchase_register.html,Print-458,458-StorePurchaseRegister.rpt,already wired
weighbridge/weightbridge_mannual.html,280-Print,280-InvRptWeighBridgeSlip.rpt,already wired
weighbridge/weight_bridge.html,280-Print,280-InvRptWeighBridgeSlip.rpt,already wired
