page,button,rpt,prints
accounts/accounts_dashboard,1005 Payables Aging,,"navigation tile, not a print"
accounts/accounts_dashboard,1003 Payables PaymentSchedule,,"navigation tile, not a print"
accounts/accounts_dashboard,1001 Trade Payables,,"navigation tile, not a print"
accounts/accounts_dashboard,1006 Receivables,,"navigation tile, not a print"
accounts/accounts_dashboard,1002 Trade Receivables,,"navigation tile, not a print"
accounts/chart_of_accounts,114-Print,114-AcRptChartOfAccounts.rpt,Jasper - .rpt contract (same procedure + BLL parameters)
accounts/opening_balance,129-Print,129-OpeningBalanceRpt.rpt,Jasper - .rpt contract (same procedure + BLL parameters)
accounts/supplier_desktop,292-Register,,Jasper - page script
accounts/banking/bank_reconciliation_vouchers,920-Print,920_BankReconciliation_Slip.rpt,Jasper - .rpt contract (same procedure + BLL parameters)
accounts/banking/cheque_printing,Save & Print,,cheque leaf print (prints onto the cheque; no .rpt)
accounts/reports/129_opening_balance_report,Direct Print / Save PDF,129-OpeningBalanceRpt.rpt,Jasper - .rpt contract (same procedure + BLL parameters)
accounts/reports/account_notes_report,Print,Account Notes Report,Jasper - the screen grid laid out as the .rpt
accounts/reports/activity_summary,110-Print,110-AcRptActivitySummery.rpt,Jasper - .rpt contract (same procedure + BLL parameters)
accounts/reports/activity_summary,110APrint,110A-AcRptActivitySummery.rpt,Jasper - .rpt contract (same procedure + BLL parameters)
accounts/reports/activity_summary,110BPrint,110B-AcRptActivitySummery.rpt,Jasper - .rpt contract (same procedure + BLL parameters)
accounts/reports/activity_summary_desktop,110-Print,110-AcRptActivitySummery.rpt,Jasper - .rpt contract (same procedure + BLL parameters)
accounts/reports/activity_summary_desktop,110APrint,110A-AcRptActivitySummery.rpt,Jasper - .rpt contract (same procedure + BLL parameters)
accounts/reports/activity_summary_desktop,110BPrint,110B-AcRptActivitySummery.rpt,Jasper - .rpt contract (same procedure + BLL parameters)
accounts/reports/all_payables,1001 Trade Creditors,,"navigation tile, not a print"
accounts/reports/all_payables,1002 Trade Debtors,,"navigation tile, not a print"
accounts/reports/all_payables,1003 Payables & Payment Schedule,,"navigation tile, not a print"
accounts/reports/all_payables,1004 Receivables & Receipts Schedule,,"navigation tile, not a print"
accounts/reports/all_payables,1005 Payables Aging,,"navigation tile, not a print"
accounts/reports/all_payables,1006 Receivables Aging,,"navigation tile, not a print"
accounts/reports/all_payables,1007 Receivables By Due Dates New,,"navigation tile, not a print"
accounts/reports/all_payables,1008 Payables & Receivable Forecast,,"navigation tile, not a print"
accounts/reports/all_payables,1009 Receivables,,"navigation tile, not a print"
accounts/reports/all_payables,1010 Payables,,"navigation tile, not a print"
accounts/reports/balance_sheet,153-Print,153-BalanceSheetStatementRpt.rpt,Jasper - .rpt contract (same procedure + BLL parameters)
accounts/reports/bank_balances,593_Print Summary,593-CashBankBalancesSummery_Rpt.rpt,Jasper - .rpt contract (same procedure + BLL parameters)
accounts/reports/bank_balances,593_01_Print Summary,593_01_CashBankBalancesSummeryReport.rpt,Jasper - .rpt contract (same procedure + BLL parameters)
accounts/reports/bank_balances,590_Print Receipt and Payment,590-BankBalances.rpt,Jasper - .rpt contract (same procedure + BLL parameters)
accounts/reports/bank_balances,590_01_Print,590_01_BankBalancesWithSummary.rpt,Jasper - .rpt contract (same procedure + BLL parameters)
accounts/reports/bank_balances_desktop,593_Print Summary,593-CashBankBalancesSummery_Rpt.rpt,Jasper - .rpt contract (same procedure + BLL parameters)
accounts/reports/bank_balances_desktop,593_01_Print Summary,590-BankBalances.rpt,Jasper - .rpt contract (same procedure + BLL parameters)
accounts/reports/bank_balances_desktop,590_Print Receipt and Payment,590_01_BankBalancesWithSummary.rpt,Jasper - .rpt contract (same procedure + BLL parameters)
accounts/reports/bank_balances_desktop,590_01_Print,590_01_BankBalancesWithSummary.rpt,Jasper - .rpt contract (same procedure + BLL parameters)
accounts/reports/bills_payables_report,141-Print,141-AccountPayablesWithLastBillAmountAndDate.rpt,Jasper - .rpt contract (same procedure + BLL parameters)
accounts/reports/cash_balances,592_Print Receipt and Payment,592-CashBalances.rpt,Jasper - .rpt contract (same procedure + BLL parameters)
accounts/reports/cash_balances,593_Print Summary,593-CashBankBalancesSummery_Rpt.rpt,Jasper - .rpt contract (same procedure + BLL parameters)
accounts/reports/cash_balances,594-CashInOutFlow,594-CashBalancesInOutFlow.rpt,Jasper - .rpt contract (same procedure + BLL parameters)
accounts/reports/cash_balances,595-CashDailyActivity,595-Cash&BankPaymentReciept.rpt,Jasper - .rpt contract (same procedure + BLL parameters)
accounts/reports/cash_balances,599_Cash&BankPaymentRecieptWithAllJv,599_Cash&BankPaymentRecieptWithAllJv.rpt,Jasper - .rpt contract (same procedure + BLL parameters)
accounts/reports/cash_balances_desktop,592_Print Receipt and Payment,592-CashBalances.rpt,Jasper - .rpt contract (same procedure + BLL parameters)
accounts/reports/cash_balances_desktop,593_Print Summary,593-CashBankBalancesSummery_Rpt.rpt,Jasper - .rpt contract (same procedure + BLL parameters)
accounts/reports/chart_of_accounts_desktop,114-Print,114-AcRptChartOfAccounts.rpt,Jasper - .rpt contract (same procedure + BLL parameters)
accounts/reports/chart_of_accounts_report,Print,114-AcRptChartOfAccounts.rpt,Jasper - the screen grid laid out as the .rpt
accounts/reports/commission_agent_report,157-Print,157-CommissionAndBrokary.rpt,Jasper - .rpt contract (same procedure + BLL parameters)
accounts/reports/contractor_wages_history,001-Print,001-ContractorWagesRegister.rpt,Jasper - .rpt contract (same procedure + BLL parameters)
accounts/reports/contractor_wages_history,003-A-Print,,Jasper - page script (hand-traced contract)
accounts/reports/customer_ledger,130-Print,130-RptAcSupplierCustomerQuantativeGL.rpt,Jasper - .rpt contract (same procedure + BLL parameters)
accounts/reports/day_book,Print,Day Book,Jasper - the screen grid laid out as the .rpt
accounts/reports/desktop_receivables,Print,122-AcRptAccounts_ReceivablesWithStatus.rpt,Jasper - .rpt contract (same procedure + BLL parameters)
accounts/reports/freight_voucher_report,240-Register,,Jasper - page script (hand-traced contract)
accounts/reports/freight_voucher_report,Print,,Jasper - page script
accounts/reports/general_ledger,Print-105,105-AcRptGeneralLedger.rpt,Jasper - .rpt contract (same procedure + BLL parameters)
accounts/reports/general_ledger,Print-106,106-AcRptGeneralLedgerB.rpt,Jasper - .rpt contract (same procedure + BLL parameters)
accounts/reports/general_ledger,Print-107,107-AcRptQuantativeLedger.rpt,Jasper - .rpt contract (same procedure + BLL parameters)
accounts/reports/general_ledger,Print-108,108-AcRptGeneralLedgerSummery.rpt,Jasper - .rpt contract (same procedure + BLL parameters)
accounts/reports/general_ledger,Print-105A,105A-GeneralLedgerSummary2.rpt,Jasper - .rpt contract (same procedure + BLL parameters)
accounts/reports/general_ledger_desktop,Print-105,,Jasper - page script
accounts/reports/general_ledger_desktop,Print-106,,Jasper - page script
accounts/reports/general_ledger_desktop,Print-107,,Jasper - page script
accounts/reports/general_ledger_desktop,Print-108,108-AcRptGeneralLedgerSummery.rpt,Jasper - .rpt contract (same procedure + BLL parameters)
accounts/reports/general_ledger_desktop,Print-105A,105A-GeneralLedgerSummary2.rpt,Jasper - .rpt contract (same procedure + BLL parameters)
accounts/reports/general_ledger_print,Print / Save PDF (Jasper),,Jasper - page script
accounts/reports/general_ledger_statement,109-Print,109-AcRptGeneralLedgerStatement.rpt,Jasper - .rpt contract (same procedure + BLL parameters)
accounts/reports/inventory_payables_receivables,134-Print,134-InventoryPayablesandReceivables.rpt,Jasper - .rpt contract (same procedure + BLL parameters)
accounts/reports/inventory_payables_receivables,134A-Print,134A-InventoryPayablesandReceivables.rpt,Jasper - .rpt contract (same procedure + BLL parameters)
accounts/reports/monthly_profit_loss,Print,,menu - its items print
accounts/reports/payables-payment-schedule-new,121_01 Print,121_01-ReceivablesByDueDates.rpt,Jasper - .rpt contract (same procedure + BLL parameters)
accounts/reports/payables-payment-schedule,121_01 Print,121_01-ReceivablesByDueDates.rpt,Jasper - .rpt contract (same procedure + BLL parameters)
accounts/reports/payables-report-new,122-Print,122-AcRptAccounts_ReceivablesWithStatus.rpt,Jasper - .rpt contract (same procedure + BLL parameters)
accounts/reports/payables-report-new,122-CityWise,122A-CityWise-AcRptAccounts_ReceivablesWithStatus.rpt,Jasper - .rpt contract (same procedure + BLL parameters)
accounts/reports/payables-report,122-Print,122-AcRptAccounts_ReceivablesWithStatus.rpt,Jasper - .rpt contract (same procedure + BLL parameters)
accounts/reports/payables-report,122-CityWise,122A-CityWise-AcRptAccounts_ReceivablesWithStatus.rpt,Jasper - .rpt contract (same procedure + BLL parameters)
accounts/reports/payables_aging,124-Print,124_Payables_New.rpt,Jasper - .rpt contract (same procedure + BLL parameters)
accounts/reports/payables_aging_document_wise,Print-127,127-SupplierAgingReport_DocumentWise.rpt,Jasper - .rpt contract (same procedure + BLL parameters)
accounts/reports/payables_aging_new,124-Print,124_Payables_New.rpt,Jasper - .rpt contract (same procedure + BLL parameters)
accounts/reports/payables_forecast,840-Print,840_DueDateAnalysisPayablesAndReceivablesForcast.rpt,Jasper - the screen grid laid out as the .rpt
accounts/reports/payables_invoice_wise,Print-128,128_PayablesReportInvoiceWise.rpt,Jasper - the screen grid laid out as the .rpt
accounts/reports/payables_invoice_wise,Print-128-01,128-01_PayablesReportInvoiceWise.rpt,Jasper - the screen grid laid out as the .rpt
accounts/reports/payables_new,124-Print,124_Payables_New.rpt,Jasper - .rpt contract (same procedure + BLL parameters)
accounts/reports/payables_payment_schedule,121_01 Print,121_01-ReceivablesByDueDates.rpt,Jasper - .rpt contract (same procedure + BLL parameters)
accounts/reports/payables_report,122-Print,122-AcRptAccounts_ReceivablesWithStatus.rpt,Jasper - .rpt contract (same procedure + BLL parameters)
accounts/reports/payables_report,122-CityWise,122A-CityWise-AcRptAccounts_ReceivablesWithStatus.rpt,Jasper - .rpt contract (same procedure + BLL parameters)
accounts/reports/pdc_information,Print,126-PdcInventoryPendingSummery.rpt,Jasper - the screen grid laid out as the .rpt
accounts/reports/pdc_register,Print,125-PdcInventoryPending.rpt,Jasper - the screen grid laid out as the .rpt
accounts/reports/pdc_register_desktop,Print,RptPdcInventoryRegisterCheqParty.rpt,Jasper - the screen grid laid out as the .rpt
accounts/reports/profit_and_loss,143-Print,,menu - its items print
accounts/reports/profit_and_loss,166-Profit & Loss,,Jasper - page script
accounts/reports/receivables_aging,123-Print,123_Receivables_New.rpt,Jasper - .rpt contract (same procedure + BLL parameters)
accounts/reports/receivables_aging_new,Print-126,126-CustomerAgingReport_DocumentWise.rpt,Jasper - .rpt contract (same procedure + BLL parameters)
accounts/reports/receivables_by_due_dates,Print,121_01-ReceivablesByDueDates.rpt,Jasper - .rpt contract (same procedure + BLL parameters)
accounts/reports/receivables_new,123-Print,123_Receivables_New.rpt,Jasper - .rpt contract (same procedure + BLL parameters)
accounts/reports/receivables_receipt_schedule,Print,121_02_ReceivablesAndReceiptSchedule.rpt,Jasper - .rpt contract (same procedure + BLL parameters)
accounts/reports/receivables_report,Print,122-AcRptAccounts_ReceivablesWithStatus.rpt,Jasper - the screen grid laid out as the .rpt
accounts/reports/report_form,Print,,screen not opened by any controller
accounts/reports/selected_trial_balance,Print,113A-AcRptTrialBalanceSelectedGroupAc.rpt,Jasper - .rpt contract (same procedure + BLL parameters)
accounts/reports/selected_trial_balance,113A-Print,113A-AcRptTrialBalanceSelectedGroupAc.rpt,Jasper - .rpt contract (same procedure + BLL parameters)
accounts/reports/selected_trial_balance_desktop,Print,113A-AcRptTrialBalanceSelectedGroupAc.rpt,Jasper - .rpt contract (same procedure + BLL parameters)
accounts/reports/selected_trial_balance_desktop,113A-Print,113A-AcRptTrialBalanceSelectedGroupAc.rpt,Jasper - .rpt contract (same procedure + BLL parameters)
accounts/reports/subsidiary_payables_report,375-Print,375-GetSubsidiaryAccountFromVouchers.rpt,Jasper - .rpt contract (same procedure + BLL parameters)
accounts/reports/trade_accounts,122-Print,122-AcRptAccounts_ReceivablesWithStatus.rpt,Jasper - .rpt contract (same procedure + BLL parameters)
accounts/reports/trade_accounts,122-CityWise,122A-CityWise-AcRptAccounts_ReceivablesWithStatus.rpt,Jasper - .rpt contract (same procedure + BLL parameters)
accounts/reports/trial_balance,Print,111A-AcRptTrialBalances.rpt,Jasper - .rpt contract (same procedure + BLL parameters)
accounts/reports/trial_balance,111APrint,111A-AcRptTrialBalances.rpt,Jasper - .rpt contract (same procedure + BLL parameters)
accounts/reports/trial_balances_all_level,135-Print,135-AcRptTrialBalancesUpTo5Level.rpt,Jasper - the screen grid laid out as the .rpt
accounts/reports/voucher_report,118-Print,118-AcRptVoucherSlip.rpt,Jasper - .rpt contract (same procedure + BLL parameters)
accounts/reports/voucher_report,118A-Print,118A-VoucherReport.rpt,Jasper - .rpt contract (same procedure + BLL parameters)
accounts/reports/voucher_report,102-Print,102-ANewAcRptPaymentReceiptsVoucherSlip.rpt,Jasper - .rpt contract (same procedure + BLL parameters)
accounts/reports/voucher_report,Dynamic_Print,Voucher Report,Jasper - the screen grid laid out as the .rpt
accounts/reports/wages_report,Print,,screen not opened by any controller
accounts/reports/wages_report_activities,Print,1870-WagesDetail.rpt,Jasper - one of several .rpt chosen by the report type
accounts/vouchers/adjustment_voucher,901-Print,901_VoucherInvoicesAdjustment_Slip.rpt,Jasper - .rpt contract (same procedure + BLL parameters)
accounts/vouchers/advance_adjustment,Print Voucher,,"static screen (no document is saved or loaded, nothing to print)"
accounts/vouchers/bank_payment_voucher,102-Print,102-ANewAcRptPaymentReceiptsVoucherSlip.rpt,Jasper - .rpt contract (same procedure + BLL parameters)
accounts/vouchers/bank_payment_voucher,102-Format-II,102-BankPaymentVoucher.rpt,Jasper - .rpt contract (same procedure + BLL parameters)
accounts/vouchers/bank_payment_voucher,102-III,102_01_BillsPayablesOrReceiveableVoucher.rpt,Jasper - .rpt contract (same procedure + BLL parameters)
accounts/vouchers/bank_receipt_voucher,102-Print,102-BankPaymentVoucher.rpt,Jasper - .rpt contract (same procedure + BLL parameters)
accounts/vouchers/bills_voucher_desktop,102-Print,102-ANewAcRptPaymentReceiptsVoucherSlip.rpt,Jasper - .rpt contract (same procedure + BLL parameters)
accounts/vouchers/bills_voucher_desktop,102_01-Print,102_01_BillsPayablesOrReceiveableVoucher.rpt,Jasper - .rpt contract (same procedure + BLL parameters)
accounts/vouchers/bills_voucher_desktop,102_01-Print,102_01_BillsPayablesOrReceiveableVoucher.rpt,Jasper - .rpt contract (same procedure + BLL parameters)
accounts/vouchers/bills_voucher_desktop,Print,102-ANewAcRptPaymentReceiptsVoucherSlip.rpt,Jasper - .rpt contract (same procedure + BLL parameters)
accounts/vouchers/bills_voucher_desktop,PrintII,102_01_BillsPayablesOrReceiveableVoucher.rpt,Jasper - .rpt contract (same procedure + BLL parameters)
accounts/vouchers/cash_payment_voucher,102-Print,102-ANewAcRptPaymentReceiptsVoucherSlip.rpt,Jasper - .rpt contract (same procedure + BLL parameters)
accounts/vouchers/cash_payment_voucher,102-Format-II,102-CashPaymentVoucher.rpt,Jasper - .rpt contract (same procedure + BLL parameters)
accounts/vouchers/cash_payment_voucher,102-III,102_01_BillsPayablesOrReceiveableVoucher.rpt,Jasper - .rpt contract (same procedure + BLL parameters)
accounts/vouchers/cash_receipt_voucher,102-Print,102-BankPaymentVoucher.rpt,Jasper - .rpt contract (same procedure + BLL parameters)
accounts/vouchers/contractor_wages,102-Print,102-BankPaymentVoucher.rpt,Jasper - .rpt contract (same procedure + BLL parameters)
accounts/vouchers/contractor_wages_schedule,06_Print,06_ContractorWagesRateSchedule.rpt,Jasper - the screen grid laid out as the .rpt
accounts/vouchers/contractor_wages_schedule,06_Print,06_ContractorWagesRateSchedule.rpt,Jasper - the screen grid laid out as the .rpt
accounts/vouchers/contra_voucher,102-Print,102-BankPaymentVoucher.rpt,Jasper - .rpt contract (same procedure + BLL parameters)
accounts/vouchers/contra_voucher_desktop,102-Print,102-ANewAcRptPaymentReceiptsVoucherSlip.rpt,Jasper - .rpt contract (same procedure + BLL parameters)
accounts/vouchers/contra_voucher_desktop,Print,102-ANewAcRptPaymentReceiptsVoucherSlip.rpt,Jasper - .rpt contract (same procedure + BLL parameters)
accounts/vouchers/contra_voucher_tax,102-Print,102-ANewAcRptPaymentReceiptsVoucherSlip.rpt,Jasper - .rpt contract (same procedure + BLL parameters)
accounts/vouchers/contra_voucher_tax,Print,102-ANewAcRptPaymentReceiptsVoucherSlip.rpt,Jasper - .rpt contract (same procedure + BLL parameters)
accounts/vouchers/day_book_offset,144-Print,144-DayBookSlip.rpt,Jasper - .rpt contract (same procedure + BLL parameters)
accounts/vouchers/day_book_voucher,144-Print,144-DayBookSlip.rpt,Jasper - .rpt contract (same procedure + BLL parameters)
accounts/vouchers/expense_voucher,102-Print,102-BankPaymentVoucher.rpt,Jasper - .rpt contract (same procedure + BLL parameters)
accounts/vouchers/expense_voucher_desktop,102-Print,102-ANewAcRptPaymentReceiptsVoucherSlip.rpt,Jasper - .rpt contract (same procedure + BLL parameters)
accounts/vouchers/expense_voucher_desktop,102-Print II,102-ANewAcRptPaymentReceiptsVoucherSlip.rpt,Jasper - .rpt contract (same procedure + BLL parameters)
accounts/vouchers/expense_voucher_desktop,Print,102-ANewAcRptPaymentReceiptsVoucherSlip.rpt,Jasper - .rpt contract (same procedure + BLL parameters)
accounts/vouchers/freight_voucher,241-Slip,,Jasper - page script
accounts/vouchers/freight_voucher,102-Voucher,,Jasper - page script
accounts/vouchers/freight_voucher,240-Register,,Jasper - page script
accounts/vouchers/invoices_adjustment_voucher,901-Print,901_VoucherInvoicesAdjustment_Slip.rpt,Jasper - .rpt contract (same procedure + BLL parameters)
accounts/vouchers/journal_voucher,102-Print,102-BankPaymentVoucher.rpt,Jasper - .rpt contract (same procedure + BLL parameters)
accounts/vouchers/journal_voucher_entry,102-Print,102-ANewAcRptPaymentReceiptsVoucherSlip.rpt,Jasper - .rpt contract (same procedure + BLL parameters)
accounts/vouchers/journal_voucher_entry,Print,102-ANewAcRptPaymentReceiptsVoucherSlip.rpt,Jasper - .rpt contract (same procedure + BLL parameters)
accounts/vouchers/labour_wages,Print-002,002-ContractorWagesSlip.rpt,Jasper - .rpt contract (same procedure + BLL parameters)
accounts/vouchers/labour_wages_manual,Print-004,004-ContractorWagesBillManualSlip.rpt,Jasper - .rpt contract (same procedure + BLL parameters)
accounts/vouchers/party_payment_voucher,Summary_Print-102B,102B-SpVouchers_PartyPaymentAndReceiptSummary.rpt,Jasper - .rpt contract (same procedure + BLL parameters)
accounts/vouchers/party_payment_voucher,102-Print,102-BankPaymentVoucher.rpt,Jasper - .rpt contract (same procedure + BLL parameters)
accounts/vouchers/party_receipt_voucher,102-Print,102-BankPaymentVoucher.rpt,Jasper - .rpt contract (same procedure + BLL parameters)
accounts/vouchers/party_voucher_desktop,Summary_Print-102B,102B-SpVouchers_PartyPaymentAndReceiptSummary.rpt,Jasper - .rpt contract (same procedure + BLL parameters)
accounts/vouchers/party_voucher_desktop,102-Print,102-ANewAcRptPaymentReceiptsVoucherSlip.rpt,Jasper - .rpt contract (same procedure + BLL parameters)
accounts/vouchers/payment_by_invoice_voucher,Print Voucher,132-PaymentByInvoiceSlipNew_Report.rpt,Jasper - .rpt contract (same procedure + BLL parameters)
accounts/vouchers/pdc_payment_voucher,Print Voucher,250_PdcPaymentTransactionsSlip.rpt,Jasper - .rpt contract (same procedure + BLL parameters)
accounts/vouchers/pdc_transaction_payment,Print Voucher,,"static screen (no document is saved or loaded, nothing to print)"
accounts/vouchers/voucher_form,Print (Ctrl+P),,screen not opened by any controller
accounts/vouchers/voucher_generic,Print (Ctrl+P),,screen not opened by any controller
accounts/vouchers/voucher_validation,115-Print,115-AcRptVoucherValidation.rpt,Jasper - .rpt contract (same procedure + BLL parameters)
accounts/vouchers/voucher_validation,119-Print,119-AcRptVoucherValidation2.rpt,Jasper - .rpt contract (same procedure + BLL parameters)
cmagt/buyer_inquiry_booking,1050-Print,1050_BuyerInquiryBookingSlip.rpt,Jasper - .rpt contract (same procedure + BLL parameters)
cmagt/goods_dispatching_note_cmagt,1055-Print,1055_GdnBuyerDispatchSlip.rpt,Jasper - .rpt contract (same procedure + BLL parameters)
cmagt/grn_loading_challan_cmagt,1054-Print,1054_GrnSupplierLoadingSlip.rpt,Jasper - .rpt contract (same procedure + BLL parameters)
cmagt/grn_loading_challan_cmagt,1054_01-Print,1054_01_GrnSupplierLoadingChallanSlip.rpt,Jasper - .rpt contract (same procedure + BLL parameters)
cmagt/purchase_order_cmagt,1052-Print,1052_PurchaseOrderSlip.rpt,Jasper - .rpt contract (same procedure + BLL parameters)
cmagt/sale_order_cmagt,1053-Print,1053_saleOrderSlip.rpt,Jasper - .rpt contract (same procedure + BLL parameters)
cmagt/sub_buyer_inquiry_booking,1050A-Print,1050A_BuyerInquiryBookingSlip.rpt,Jasper - .rpt contract (same procedure + BLL parameters)
cmagt/supplier_offer_cmagt,1051-Print,1051_SupplierOfferSlip.rpt,Jasper - .rpt contract (same procedure + BLL parameters)
cmagt/reports/agent_trade_bill_register,' + (CFG.tb ? '1056 Slip' : 'Print') + ',,row button built in page script (Jasper slip through the page script)
cmagt/reports/gdn_buyer_dispatch_report,Print,Gdn Buyer Dispatch Report,Jasper - the screen grid laid out as the .rpt
cmagt/reports/gdn_buyer_dispatch_report,' + (CFG.tb ? '1056 Slip' : 'Print') + ',,row button built in page script (Jasper slip through the page script)
cmagt/reports/grn_supplier_loading_report,Print,Grn Supplier Loading Report,Jasper - the screen grid laid out as the .rpt
cmagt/reports/grn_supplier_loading_report,' + (CFG.tb ? '1056 Slip' : 'Print') + ',,row button built in page script (Jasper slip through the page script)
cmagt/reports/purchase_order_report,Print,Purchase Order Report,Jasper - the screen grid laid out as the .rpt
cmagt/reports/purchase_order_report,' + (CFG.tb ? '1056 Slip' : 'Print') + ',,row button built in page script (Jasper slip through the page script)
cmagt/reports/sale_order_report,Print,Sale Order Report,Jasper - the screen grid laid out as the .rpt
cmagt/reports/sale_order_report,' + (CFG.tb ? '1056 Slip' : 'Print') + ',,row button built in page script (Jasper slip through the page script)
configurations/company_profile,,Company Profile,Jasper - the screen grid laid out as the .rpt
configurations/company_report,Print,,desktop button has no Click handler (inert on the desktop too)
configurations/company_report,Print,,desktop button has no Click handler (inert on the desktop too)
configurations/report_config,Print,,desktop button has no Click handler (inert on the desktop too)
configurations/report_config,Print,,desktop button has no Click handler (inert on the desktop too)
dashboard/payables_payment_schedule,121_01 Print,121_01-ReceivablesByDueDates.rpt,Jasper - .rpt contract (same procedure + BLL parameters)
dashboard/purchase_analytics_dashboard,121_03_ItemWise,121_03_PurchaseAnalyticsItemWise.rpt,Jasper - .rpt contract (same procedure + BLL parameters)
dashboard/purchase_analytics_dashboard,121_04_SupplierWise,121_04_PurchaseAnalyticsSupplierWise.rpt,Jasper - .rpt contract (same procedure + BLL parameters)
dashboard/receivables_receipt_schedule,121_02 Print,121_02_ReceivablesAndReceiptSchedule.rpt,Jasper - .rpt contract (same procedure + BLL parameters)
dashboard/stock_breakup_in_and_out_summary,Print-842,842_ItemAndPMItemMapSlip.rpt,Jasper - .rpt contract (same procedure + BLL parameters)
dashboard/wages_dashboard_report,Print,,browser print of the dashboard (no .rpt on the desktop)
export/invoice_packing_list,Print-529A,529A_ExportInvoiceSlipPackingList.rpt,Jasper - .rpt contract (same procedure + BLL parameters)
export/invoice_packing_list,Print-529B,529B_ExportInvoiceSlipPackingList.rpt,Jasper - .rpt contract (same procedure + BLL parameters)
export/invoice_packing_list,Print-529C,529C_ExportInvoiceSlipPackingList.rpt,Jasper - .rpt contract (same procedure + BLL parameters)
hrm/attendance/daily-attendance,1003-Print,1003-DailyAttendance.rpt,Jasper - .rpt contract (same procedure + BLL parameters)
hrm/attendance/manual-attendance,Print,,hidden on the desktop (btnPrint stays hidden)
hrm/employee/employee_registration,1112-Print Slip,1112-Employee_Registration_Slip.rpt,Jasper - .rpt contract (same procedure + BLL parameters)
hrm/loan/employee-advance,1008-Print,1008-EmployeeAdvanceSlip.rpt,Jasper - .rpt contract (same procedure + BLL parameters)
hrm/loan/employee-loan,102-Print,102-BankPaymentVoucher.rpt,Jasper - .rpt contract (same procedure + BLL parameters)
hrm/overtime/employee-over-time,Print,1011-EmployeeOverTimeSlip.rpt,Jasper - .rpt contract (same procedure + BLL parameters)
hrm/overtime/over-time-request,1010-Print,1010-OverTime_Slip.rpt,Jasper - .rpt contract (same procedure + BLL parameters)
hrm/payroll/employee-late-adjustment,Print,,Jasper - page script
hrm/payroll/employee-short-adjustment,Print,,Jasper - page script
hrm/payroll/payroll-posting,Print,,menu - its items print (Jasper)
hrm/reports/daily-attendance,1003-Print,1003-DailyAttendance.rpt,Jasper - .rpt contract (same procedure + BLL parameters)
hrm/reports/daily-attendance,1003_01-Print,1003_01-DailyAttendance.rpt,Jasper - the screen grid laid out as the .rpt
hrm/reports/daily-late-and-early-departure,1113-Print,1113-DailyLateandEarlyDeparture.rpt,Jasper - .rpt contract (same procedure + BLL parameters)
hrm/reports/duty-roster-employee-wise,1114-Print,1114-DutyRosterEmployeeWise.rpt,Jasper - .rpt contract (same procedure + BLL parameters)
hrm/reports/employee-attendence,1004-Print,1004-EmployeeAttendance.rpt,Jasper - .rpt contract (same procedure + BLL parameters)
hrm/reports/employee-attendence,1005-Print Summary,1005-MonthlyAttendanceRegister_New.rpt,Jasper - .rpt contract (same procedure + BLL parameters)
hrm/reports/employee-monthly-register,1001-Print,1001-EmployeeAttendenceMonthly.rpt,Jasper - .rpt contract (same procedure + BLL parameters)
hrm/reports/employee-monthly-register,1002-Print,1002-AttendanceRegister.rpt,Jasper - .rpt contract (same procedure + BLL parameters)
hrm/reports/employee-monthly-register,1004-Print,1004-EmployeeAttendance.rpt,Jasper - .rpt contract (same procedure + BLL parameters)
hrm/reports/employee-register,1101-Print,1101-EmployeeListDepartmentWiseActiveInactive.rpt,Jasper - .rpt contract (same procedure + BLL parameters)
hrm/reports/employee-register,1101_01-Print,1101_01-EmployeeListDepartmentWiseActiveInactive.rpt,Jasper - .rpt contract (same procedure + BLL parameters)
hrm/reports/monthly-attendance-summary,1005-Monthly Register,,Jasper - page script
hrm/reports/monthly-attendance-summary,1006-Summary,,Jasper - page script
hrm/reports/salary-sheet,Print,,Jasper - page script
hrm/reports/salary-sheet,1110-SalaryList,,Jasper - page script
hrm/reports/salary-sheet,1110B-SalarySlip,,Jasper - page script
inventory/general_item,Print,,desktop has no print for this button
inventory/item_form,Print,,screen not opened by any controller
inventory/item_min_max_rate,Print,326-GetItemsFromMinAndMaxRateSchedule.rpt,Jasper - .rpt contract (same procedure + BLL parameters)
inventory/item_min_max_rate,Print,326_01_ItemsFromMinAndMaxRateSchedule_FormHistory.rpt,Jasper - .rpt contract (same procedure + BLL parameters)
inventory/item_uom_schedule,Print Grid,Item UOM Schedule,Jasper - the screen grid laid out as the .rpt
inventory/pos_item,Print,,desktop has no print for this button
inventory/stock_transactions,417-Stock Report,417-InventoryStockTransactionsReport.rpt,Jasper - .rpt contract (same procedure + BLL parameters)
packing_material/delivery_order_pm,Print,,Jasper - page script
packing_material/grn_pm,214-Print,214-GRNPackingMaterialSlip.rpt,Jasper - .rpt contract (same procedure + BLL parameters)
packing_material/grn_pm,214_01-Print,214_01_GrnPackingMaterialSlip.rpt,Jasper - .rpt contract (same procedure + BLL parameters)
packing_material/purchase_invoice_direct_pm,118-Voucher,,Jasper - page script
packing_material/purchase_invoice_direct_pm,245-Slip,,Jasper - page script
packing_material/purchase_invoice_pm,231-Print,231-InvRptPurchaseBillPackingMaterialSlip.rpt,Jasper - .rpt contract (same procedure + BLL parameters)
packing_material/purchase_invoice_pm,231_01-Print,231_01_PurchaseBillPmSlipWithGrnDetail.rpt,Jasper - .rpt contract (same procedure + BLL parameters)
packing_material/purchase_invoice_pm,103-Voucher,,Jasper - page script
packing_material/purchase_order_pm,215-&Print,,Jasper - page script
packing_material/sale_invoice_direct_pm,118-Voucher,,Jasper - page script
packing_material/sale_invoice_direct_pm,294-Print,294-InvRptSaleBillDirectWithoutSO.rpt,Jasper - .rpt contract (same procedure + BLL parameters)
packing_material/stock_adjustment_pm,215-Print,215-ExportReturnGrnSlip.rpt,Jasper - .rpt contract (same procedure + BLL parameters)
packing_material/stock_transfer_store,Print,,Jasper - page script
packing_material/store_send_receipt,Print,,Jasper - page script
packing_material/store_stock_conversion,Print,,Jasper - page script
packing_material/reports/grn_register,341-Print,341-GrnPackingMaterialRegister.rpt,Jasper - .rpt contract (same procedure + BLL parameters)
packing_material/reports/inventory_transaction_report,402-Print,402-InvStockRptInventoryTransactionsA.rpt,Jasper - .rpt contract (same procedure + BLL parameters)
packing_material/reports/inventory_transaction_report,403-Stock Report,,Jasper - page script
packing_material/reports/purchase_order_register,357-Print,357-PurchaseOrderRegister_PM.rpt,Jasper - .rpt contract (same procedure + BLL parameters)
packing_material/reports/purchase_order_register,357_01-Print,357_01-PurchaseOrderRegister_PM.rpt,Jasper - .rpt contract (same procedure + BLL parameters)
packing_material/reports/requirement_planning_detail,671_01-Register,,Jasper - page script
packing_material/reports/stock_with_supplier,404-Ledger,,Jasper - page script
packing_material/reports/stock_with_supplier,405-Trial,,Jasper - page script
production/daily_plant_consumed_hours,Print-666,666-DailyPlantConsumedHours_FormHistoryReport.rpt,Jasper - .rpt contract (same procedure + BLL parameters)
production/output_allocation_export_invoice,Print-627,627-ProductionOutputAllocationWithExportInvoice.rpt,Jasper - .rpt contract (same procedure + BLL parameters)
production/p280_input,601-Print,601-InvFoodProductionSlip.rpt,Jasper - .rpt contract (same procedure + BLL parameters)
production/p280_input,118-Voucher,,Jasper - page script
production/p280_output,601-Print,601-InvFoodProductionSlip.rpt,Jasper - .rpt contract (same procedure + BLL parameters)
production/p280_output,118-Voucher,,Jasper - page script
production/p280_overhead,Print-606,606-InvFoodProductionPackingAndOverHeadReportByJobOrder.rpt,Jasper - .rpt contract (same procedure + BLL parameters)
production/p280_overhead,118-Voucher,,Jasper - page script
production/p280_packing_material,Print-606,606-InvFoodProductionPackingAndOverHeadReportByJobOrder.rpt,Jasper - .rpt contract (same procedure + BLL parameters)
production/p280_packing_material,118-Voucher,,Jasper - page script
production/p280_settlement,602A_Print,602A-InvRptProductionSummeryWithValues.rpt,Jasper - .rpt contract (same procedure + BLL parameters)
production/p280_settlement,613_Print,613-InvRptProductionSummeryWithExpValues.rpt,Jasper - .rpt contract (same procedure + BLL parameters)
production/p280_settlement,613_A_Print,,Jasper - page script (hand-traced contract)
production/p280_settlement,613_B_Print,,Jasper - page script (hand-traced contract)
production/p280_settlement,615_Print,615-InvRptProductionSummery.rpt,Jasper - .rpt contract (same procedure + BLL parameters)
production/p280_settlement,615_A_Print,,Jasper - page script (hand-traced contract)
production/production_against_job_order,623-Print,623-InvFoodProduction_ConsumptionReport.rpt,Jasper - .rpt contract (same procedure + BLL parameters)
production/production_against_job_order,118-Voucher,,Jasper - page script
production/production_job_order_main,620-Print,620-ProductionJobOrderSlip.rpt,Jasper - .rpt contract (same procedure + BLL parameters)
production/stock_conversion,605-Print,605-StockConversionSummaryNewRpt.rpt,Jasper - .rpt contract (same procedure + BLL parameters)
production/stock_conversion,Voucher-118,,Jasper - page script
production/wages_bill,Print-002,002-ContractorWagesSlip.rpt,Jasper - .rpt contract (same procedure + BLL parameters)
production/reports/evaluation_detail_wages,Print,,Jasper - page script
production/reports/job_order_summary,672-Register,,Jasper - page script
production/reports/packing_material_consumption,812-Print,812-ProductionKamPackMaterialConsumption.rpt,Jasper - .rpt contract (same procedure + BLL parameters)
production/reports/production_comparison,604-Print-Register,604-FoodProductionComparisonRpt.rpt,Jasper - .rpt contract (same procedure + BLL parameters)
production/reports/production_comparison,607-InPutDetail_Register,,Jasper - page script
production/reports/production_comparison,Print,,menu - its items print (Jasper)
production/reports/production_register,553-ProductionRegisterWithActivity,,Jasper - page script
production/reports/production_summary,602-RecoveryReport,,Jasper - page script
production/reports/production_summary,602_01-RecoveryReport With Lab,,Jasper - page script
production/reports/production_summary,Input Detail,,menu - its items print (Jasper)
production/reports/production_summary,607-FoodProductionIssuanceGrnWiseByJobOrderId,,Jasper - page script
production/reports/production_summary,625-Print For Detail Grid Data,625_FoodProduction_DocWiseSummeryReport.rpt,Jasper - .rpt contract (same procedure + BLL parameters)
purchase/goods_receipt_notes,211-Print,211-InvRptGoodsReceiptsNotesRiceSlip.rpt,Jasper - .rpt contract (same procedure + BLL parameters)
purchase/goods_receipt_notes,257-GPSlip,257-InwardGatePassWithWbAndLabSlip.rpt,Jasper - .rpt contract (same procedure + BLL parameters)
purchase/grn_sale_return,&Print,211-InvRptGoodsReceiptsNotesRiceSlip.rpt,Jasper - .rpt contract (same procedure + BLL parameters)
purchase/inward_gate_pass,251-Print,251-InvRptInwardGatePassSlip.rpt,Jasper - .rpt contract (same procedure + BLL parameters)
purchase/inward_gate_pass,257-GPSlip,257-InwardGatePassWithWbAndLabSlip.rpt,Jasper - .rpt contract (same procedure + BLL parameters)
purchase/inward_gate_pass,653-LabReport,653-RptInvLabPurchaseAnalysisSlip.rpt,Jasper - .rpt contract (same procedure + BLL parameters)
purchase/purchase_invoice_again_grn_direct,&Print,225-InvRepPurchaseBillDirectWithoutPo.rpt,Jasper - .rpt contract (same procedure + BLL parameters)
purchase/purchase_invoice_return,&Print,220R-InvRptPurchaseBillReturnSupplierRiceSlip.rpt,Jasper - .rpt contract (same procedure + BLL parameters)
purchase/purchase_invoice_store_management,103-Voucher,103-AcRptPurchaseSalesVoucherSlip.rpt,Jasper - .rpt contract (same procedure + BLL parameters)
purchase/purchase_invoice_store_management,230-Slip,230-InvRptPurchaseBillStoreSlip.rpt,Jasper - .rpt contract (same procedure + BLL parameters)
purchase/purchase_order,203-Print,203-InvRptPurchaseOrderRiceSlip.rpt,Jasper - .rpt contract (same procedure + BLL parameters)
purchase/purchase_order,203A_Print,203A_PurchaseOrderSlip.rpt,Jasper - .rpt contract (same procedure + BLL parameters)
purchase/purchase_order,203_01-Print,203_01_PurchaseOrderRiceSlip.rpt,Jasper - .rpt contract (same procedure + BLL parameters)
purchase/purchase_order,203_02-Print,203_02_PurchaseOrderRiceSlip.rpt,Jasper - .rpt contract (same procedure + BLL parameters)
purchase/reports/grn_report,Print,1858-GrnRegister.rpt,Jasper - the screen grid laid out as the .rpt
purchase/reports/inward_gate_pass_report,Print,253-InvRptGatePassInwardRegisterA.rpt,Jasper - the screen grid laid out as the .rpt
purchase/reports/purchase_invoice_report,Print,1506-PurchaseInvoiceRegister.rpt,Jasper - the screen grid laid out as the .rpt
purchase/reports/purchase_order_report,Print,1863-PurchaseOrderRegister.rpt,Jasper - the screen grid laid out as the .rpt
quality_control/lab_report,Print Report,Lab Report,Jasper - the screen grid laid out as the .rpt
reports/reports,Print,,browser print of the report catalogue list (no .rpt on the desktop)
sale/customer_sales_menu,11 Customer Sales,,"navigation tile, not a print"
sale/driver_bio,Print,07_RptGatepassOutwardDriverInfoSlipA.rpt,Jasper - .rpt contract (same procedure + BLL parameters)
sale/gdn,260-Print,260-InvRptGdnRiceSlip.rpt,Jasper - .rpt contract (same procedure + BLL parameters)
sale/gdn_purchase_return,703-Print,703_Gdn_PurchaseReturnSlip.rpt,Jasper - .rpt contract (same procedure + BLL parameters)
sale/gdn_purchase_return,703A-Print,703A_Gdn_PurchaseReturnSlip.rpt,Jasper - .rpt contract (same procedure + BLL parameters)
sale/outward_gate_pass,Print,258-OutwardGatePassWithWbAndLabSlip.rpt,Jasper - .rpt contract (same procedure + BLL parameters)
sale/sales_reports_menu,11 Customer Sales,,"navigation tile, not a print"
sale/sale_dashboard,11 Customer Sales,,"navigation tile, not a print"
sale/sale_invoice,301-Slip,,Jasper - page script
sale/sale_invoice,303A-Item Slip,,Jasper - page script
sale/sale_invoice,303-Slip,,Jasper - page script
sale/sale_invoice,103-Voucher,,Jasper - page script
sale/sale_invoice_direct,Print,1856-SaleInvoiceDirect_Slip.rpt,Jasper - .rpt contract (same procedure + BLL parameters)
sale/sale_invoice_gdn_no_wb,103-Voucher,,Jasper - page script
sale/sale_invoice_gdn_no_wb,318-Slip,,Jasper - page script
sale/sale_invoice_gdn_no_wb,318A-Slip,,Jasper - page script
sale/sale_invoice_return,Print,1862-SaleInvoiceRetrurn_Slip.rpt,Jasper - .rpt contract (same procedure + BLL parameters)
sale/sale_order,273-Print,273-InvRptSaleOrderSlip.rpt,Jasper - .rpt contract (same procedure + BLL parameters)
sale/sale_order,273_01-Print,273_01_SaleOrderSlip.rpt,Jasper - .rpt contract (same procedure + BLL parameters)
sale/reports/gdn_report,261-GDN Register,,Jasper - page script
stocks/item_ledger,421-Print,421_ItemEvaluationLedger.rpt,Jasper - the screen grid laid out as the .rpt
stocks/item_ledger,Grid Print,Item Stock Ledger,Jasper - the screen grid laid out as the .rpt
stocks/opening_stock,416-Print,416-InvStockOpeningBalanceHeader_Register.rpt,Jasper - .rpt contract (same procedure + BLL parameters)
stocks/opening_stock,Print Grid,Opening Stock Balancing,Jasper - the screen grid laid out as the .rpt
stocks/stock_opening_form,416-Print,416-InvStockOpeningBalanceHeader_Register.rpt,Jasper - .rpt contract (same procedure + BLL parameters)
stocks/store_stock_report,Print,202_ItemStockSummary.rpt,Jasper - one of several .rpt chosen by the report type
stocks/transaction_vehicle_wise,621 -Register,621-StockEvalautionDetailTransactionVehiclesWise.rpt,Jasper - .rpt contract (same procedure + BLL parameters)
stocks/transaction_vehicle_wise,Grid Print,Transaction Report Vehicle Wise,Jasper - the screen grid laid out as the .rpt
store/delivery_challan_prebill,148-Print,148_DeliveryChallanSlip.rpt,Jasper - .rpt contract (same procedure + BLL parameters)
store/delivery_order_transfer,262-Print,262-DeliveryOrderSlip.rpt,Jasper - .rpt contract (same procedure + BLL parameters)
store/department_request,451-Print,451-RptDepartmentRequestSlip.rpt,Jasper - .rpt contract (same procedure + BLL parameters)
store/department_request_to_consumable,1615-Print,1615-DepartmentRequestToConsumableStoreSlip.rpt,Jasper - .rpt contract (same procedure + BLL parameters)
store/grn_store,212-Print,212-InvRptGoodsReceiptsNotesStoreSlip.rpt,Jasper - .rpt contract (same procedure + BLL parameters)
store/grn_store,336-Print,336-GrnStoreRegister.rpt,Jasper - .rpt contract (same procedure + BLL parameters)
store/opening_stock_store,416-Print,416-InvStockOpeningBalanceHeader_Register.rpt,Jasper - .rpt contract (same procedure + BLL parameters)
store/party_to_party_pm_transfer,219-Print,219-PartyToPartyPmTransfer.rpt,Jasper - the screen grid laid out as the .rpt
store/purchase_demand,454-Print,454-InvPurchaseDemanSlip.rpt,Jasper - .rpt contract (same procedure + BLL parameters)
store/purchase_invoice_direct_store,118-Voucher,,Jasper - page script
store/purchase_invoice_direct_store,233-Slip,,Jasper - page script
store/purchase_invoice_return_store,145A-Print,145A-PurchaseInvoiceReturn_StorePartySlip.rpt,Jasper - .rpt contract (same procedure + BLL parameters)
store/purchase_invoice_return_store,145-Print,145-PurchaseInvoiceReturn_StoreItemSlip.rpt,Jasper - .rpt contract (same procedure + BLL parameters)
store/purchase_invoice_return_store,103-Voucher,,Jasper - page script
store/purchase_invoice_store_management,103-Voucher,,Jasper - page script
store/purchase_invoice_store_management,230-Slip,,Jasper - page script
store/purchase_pre_bill,147-Print,147_PurchasePreBillSlip.rpt,Jasper - .rpt contract (same procedure + BLL parameters)
store/stock_adjustment,409-Print,409-InvStockAdjustmentSlip.rpt,Jasper - .rpt contract (same procedure + BLL parameters)
store/stock_transfer,406-Print,406-InvStockTransferSlip.rpt,Jasper - .rpt contract (same procedure + BLL parameters)
store/stock_transfer_manual,407-Print,407-InvStockTransferSlip.rpt,Jasper - .rpt contract (same procedure + BLL parameters)
store/store_issuance,452-Print,452-RptInvGsStoreIssuanceHeader_Slip.rpt,Jasper - .rpt contract (same procedure + BLL parameters)
store/store_issuance_direct,452-Print,452-RptInvGsStoreIssuanceHeader_Slip.rpt,Jasper - .rpt contract (same procedure + BLL parameters)
store/store_issuance_direct,118-Voucher,118-AcRptVoucherSlip.rpt,Jasper - .rpt contract (same procedure + BLL parameters)
store/store_issuance_to_consumable,1616-Print,1616-StoreIssuanceToConsumableStore_Slip.rpt,Jasper - .rpt contract (same procedure + BLL parameters)
store/store_return,457-Print,457-StoreIssuanceReturnSlip.rpt,Jasper - .rpt contract (same procedure + BLL parameters)
store/store_return,118-Voucher,118-AcRptVoucherSlip.rpt,Jasper - .rpt contract (same procedure + BLL parameters)
store/store_return,Issuance Slip,,Jasper - page script
store/reports/department_request_history,450-Register,,Jasper - page script
store/reports/general_gate_pass,255-Register,,Jasper - page script
store/reports/stock_adjustment_register,410-Register,,Jasper - page script
store/reports/stock_transfer_register,408-Register,,Jasper - page script
store/reports/store_issuance_history,Print,,Jasper - page script
store/reports/store_issuance_return_register,Print,,Jasper - page script
store/reports/store_purchase_demand_register,456-Register,,Jasper - page script
store/reports/store_purchase_register,Print-458,458-StorePurchaseRegister.rpt,Jasper - .rpt contract (same procedure + BLL parameters)
taxation/sale_tax_summary,,,desktop has no print for this button
taxation/wht_challan_deposit,,,desktop has no print for this button
userAccounts/desktop_rights,Print,,browser print of the rights list (no .rpt on the desktop)
weighbridge/weighbridge_weights_update,281-Register,,Jasper - page script
weighbridge/weightbridge_history,281-Register,,Jasper - page script
weighbridge/weightbridge_mannual,280-Print,280-InvRptWeighBridgeSlip.rpt,Jasper - .rpt contract (same procedure + BLL parameters)
weighbridge/weightbridge_mannual,257-GPSlip,,Jasper - page script
weighbridge/weight_bridge,280-Print,280-InvRptWeighBridgeSlip.rpt,Jasper - .rpt contract (same procedure + BLL parameters)
weighbridge/weight_bridge,257-GPSlip,,Jasper - page script
